Customer ID,Recency,Frequency,Monetary,R_Score,F_Score,M_Score,RFM_Score,Segment
AA-10315,185,5,5563.56,2,2,5,225,At Risk
AA-10375,20,8,999.53,5,4,2,542,Loyal Customer
AA-10480,260,4,1790.5120000000002,1,1,3,113,Lost Customers
AA-10645,56,6,5086.9349999999995,4,3,5,435,Potential Loyalists
AB-10015,416,3,886.156,1,1,2,112,Lost Customers
AB-10060,55,7,7515.469999999999,4,4,5,445,Loyal Customer
AB-10105,42,9,14433.755,4,5,5,455,Loyal Customer
AB-10150,42,5,966.71,4,2,2,422,Potential Loyalists
AB-10165,26,8,1113.838,5,4,2,542,Loyal Customer
AB-10255,167,8,894.852,2,4,2,242,At Risk
AB-10600,51,4,1515.862,4,1,2,412,Potential Loyalists
AC-10420,233,3,925.8,2,1,2,212,At Risk
AC-10450,12,7,5527.846,5,4,5,545,Loyal Customer
AC-10615,7,4,2524.918,5,1,4,514,Potential Loyalists
AC-10660,283,4,621.436,1,1,1,111,Lost Customers
AD-10180,30,7,6101.0,4,4,5,445,Loyal Customer
AF-10870,42,6,1962.85,4,3,3,433,Potential Loyalists
AF-10885,416,4,861.565,1,1,2,112,Lost Customers
AG-10270,279,5,2582.898,1,2,4,124,Lost Customers
AG-10300,119,4,367.548,2,1,1,211,At Risk
AG-10330,9,5,660.972,5,2,1,521,Potential Loyalists
AG-10390,115,5,200.945,2,2,1,221,At Risk
AG-10495,79,6,877.069,3,3,2,332,At Risk
AG-10525,846,4,1455.038,1,1,2,112,Lost Customers
AG-10675,98,7,3489.0396000000005,3,4,4,344,At Risk
AG-10765,78,4,170.584,3,1,1,311,At Risk
AG-10900,97,9,3511.827,3,5,4,354,At Risk
AH-10030,13,6,753.44,5,3,1,531,Potential Loyalists
AH-10075,35,10,3250.337,4,5,4,454,Loyal Customer
AH-10120,61,7,1735.5140000000001,3,4,3,343,At Risk
AH-10195,56,4,1587.452,4,1,3,413,Potential Loyalists
AH-10210,7,8,3227.404,5,4,4,544,Loyal Customer
AH-10465,231,4,2480.4516,2,1,3,213,At Risk
AH-10585,22,3,703.104,5,1,1,511,Potential Loyalists
AH-10690,411,12,7888.294,1,5,5,155,Lost Customers
AI-10855,14,9,4356.346,5,5,5,555,Champion
AJ-10780,76,7,4867.344,3,4,5,345,At Risk
AJ-10795,167,7,4501.391,2,4,5,245,At Risk
AJ-10945,122,4,1734.616,2,1,3,213,At Risk
AJ-10960,75,3,629.2479999999999,3,1,1,311,At Risk
AM-10360,29,4,684.1800000000001,4,1,1,411,Potential Loyalists
AM-10705,163,8,5664.022,2,4,5,245,At Risk
AO-10810,502,1,161.28,1,1,1,111,Lost Customers
AP-10720,42,6,545.932,4,3,1,431,Potential Loyalists
AP-10915,99,10,3323.556,3,5,4,354,At Risk
AR-10345,112,4,1055.694,3,1,2,312,At Risk
AR-10405,126,5,2236.128,2,2,3,223,At Risk
AR-10510,15,5,264.86400000000003,5,2,1,521,Potential Loyalists
AR-10540,7,6,6608.448,5,3,5,535,Potential Loyalists
AR-10570,535,1,88.15,1,1,1,111,Lost Customers
AR-10825,59,7,4162.292,3,4,5,345,At Risk
AS-10045,89,6,2573.026,3,3,4,334,At Risk
AS-10090,29,8,2561.3179999999998,4,4,4,444,Loyal Customer
AS-10135,42,2,58.82,4,1,1,411,Potential Loyalists
AS-10225,23,5,4260.784,5,2,5,525,Potential Loyalists
AS-10240,193,5,503.968,2,2,1,221,At Risk
AS-10285,20,6,3214.236,5,3,4,534,Potential Loyalists
AS-10630,93,7,833.398,3,4,1,341,At Risk
AT-10435,22,5,1166.0720000000001,5,2,2,522,Potential Loyalists
AT-10735,14,9,3527.944,5,5,4,554,Loyal Customer
AW-10840,21,4,649.376,5,1,1,511,Potential Loyalists
AW-10930,122,6,2837.688,2,3,4,234,At Risk
AY-10555,15,4,497.014,5,1,1,511,Potential Loyalists
AZ-10750,695,5,1500.482,1,2,2,122,Lost Customers
BB-10990,106,4,370.26399999999995,3,1,1,311,At Risk
BB-11545,29,9,6765.728,4,5,5,455,Loyal Customer
BC-11125,203,8,2613.692,2,4,4,244,At Risk
BD-11320,34,11,5478.537,4,5,5,455,Loyal Customer
BD-11500,36,5,4380.123,4,2,5,425,Potential Loyalists
BD-11560,279,1,168.58,1,1,1,111,Lost Customers
BD-11605,98,6,2783.189,3,3,4,334,At Risk
BD-11620,70,6,1538.11,3,3,2,332,At Risk
BD-11635,10,3,582.646,5,1,1,511,Potential Loyalists
BD-11725,94,6,1526.5,3,3,2,332,At Risk
BD-11770,328,6,658.466,1,3,1,131,Lost Customers
BE-11335,120,5,4204.676,2,2,5,225,At Risk
BE-11410,99,2,281.99199999999996,3,1,1,311,At Risk
BE-11455,482,5,748.026,1,2,1,121,Lost Customers
BF-10975,406,6,579.134,1,3,1,131,Lost Customers
BF-11005,40,3,1006.46,4,1,2,412,Potential Loyalists
BF-11020,75,8,2888.506,3,4,4,344,At Risk
BF-11080,110,2,240.28,3,1,1,311,At Risk
BF-11170,17,11,5907.972,5,5,5,555,Champion
BF-11215,293,3,1529.546,1,1,2,112,Lost Customers
BF-11275,58,3,791.9899999999999,3,1,1,311,At Risk
BG-11035,29,7,2649.048,4,4,4,444,Loyal Customer
BG-11695,37,6,1874.172,4,3,3,433,Potential Loyalists
BG-11740,58,6,1006.356,3,3,2,332,At Risk
BH-11710,24,7,5446.423,5,4,5,545,Loyal Customer
BK-11260,78,6,659.1379999999999,3,3,1,331,At Risk
BM-11140,308,4,11789.63,1,1,5,115,Lost Customers
BM-11575,101,5,613.026,3,2,1,321,At Risk
BM-11650,34,11,7294.185,4,5,5,455,Loyal Customer
BM-11785,219,9,1335.896,2,5,2,252,At Risk
BN-11470,25,4,265.296,5,1,1,511,Potential Loyalists
BN-11515,10,5,1459.344,5,2,2,522,Potential Loyalists
BO-11350,138,4,1077.998,2,1,2,212,At Risk
BO-11425,76,2,130.83,3,1,1,311,At Risk
BP-11050,84,4,961.18,3,1,2,312,At Risk
BP-11095,18,12,2442.044,5,5,3,553,Loyal Customer
BP-11155,90,6,1697.8609999999999,3,3,3,333,At Risk
BP-11185,2,8,2472.42,5,4,3,543,Loyal Customer
BP-11230,40,5,1181.49,4,2,2,422,Potential Loyalists
BP-11290,13,6,2039.989,5,3,3,533,Potential Loyalists
BS-11365,559,5,10501.653,1,2,5,125,Lost Customers
BS-11380,29,4,2761.54,4,1,4,414,Potential Loyalists
BS-11590,470,5,1752.9679999999998,1,2,3,123,Lost Customers
BS-11665,583,3,3288.1099999999997,1,1,4,114,Lost Customers
BS-11755,2,7,2562.382,5,4,4,544,Loyal Customer
BS-11800,266,2,949.4300000000001,1,1,2,112,Lost Customers
BT-11305,337,5,2567.656,1,2,4,124,Lost Customers
BT-11395,303,6,2186.6130000000003,1,3,3,133,Lost Customers
BT-11440,561,3,589.206,1,1,1,111,Lost Customers
BT-11485,735,1,384.85999999999996,1,1,1,111,Lost Customers
BT-11530,92,5,2684.4919999999997,3,2,4,324,At Risk
BT-11680,21,6,3129.432,5,3,4,534,Potential Loyalists
BV-11245,335,5,1523.2730000000001,1,2,2,122,Lost Customers
BW-11065,213,2,370.896,2,1,1,211,At Risk
BW-11110,122,7,4711.106,2,4,5,245,At Risk
BW-11200,204,5,1226.884,2,2,2,222,At Risk
CA-11965,97,6,3789.7228,3,3,4,334,At Risk
CA-12055,402,5,1679.7240000000002,1,2,3,123,Lost Customers
CA-12265,57,7,2545.9672,3,4,4,344,At Risk
CA-12310,14,4,1421.954,5,1,2,512,Potential Loyalists
CA-12775,121,7,3041.566,2,4,4,244,At Risk
CB-12025,48,8,5662.769,4,4,5,445,Loyal Customer
CB-12415,27,8,1949.2,5,4,3,543,Loyal Customer
CB-12535,198,8,4246.4555,2,4,5,245,At Risk
CC-12100,458,5,1685.889,1,2,3,123,Lost Customers
CC-12145,107,7,2471.65,3,4,3,343,At Risk
CC-12220,21,11,3670.258,5,5,4,554,Loyal Customer
CC-12370,44,5,12129.072000000002,4,2,5,425,Potential Loyalists
CC-12430,1,9,2857.73,5,5,4,554,Loyal Customer
CC-12475,40,9,1659.438,4,5,3,453,Loyal Customer
CC-12550,28,3,113.832,5,1,1,511,Potential Loyalists
CC-12610,35,6,2509.545,4,3,4,434,Potential Loyalists
CC-12670,30,6,1649.8535,4,3,3,433,Potential Loyalists
CC-12685,800,4,2854.1150000000002,1,1,4,114,Lost Customers
CD-11920,41,4,2021.0080000000003,4,1,3,413,Potential Loyalists
CD-11980,55,3,639.766,4,1,1,411,Potential Loyalists
CD-12280,43,1,409.548,4,1,1,411,Potential Loyalists
CD-12790,400,5,1860.732,1,2,3,123,Lost Customers
CG-12040,50,5,892.7080000000001,4,2,2,422,Potential Loyalists
CG-12520,339,3,1148.7800000000002,1,1,2,112,Lost Customers
CH-12070,692,3,1537.236,1,1,2,112,Lost Customers
CJ-11875,366,1,16.52,1,1,1,111,Lost Customers
CJ-12010,190,7,9289.846,2,4,5,245,At Risk
CK-12205,40,13,3154.855,4,5,4,454,Loyal Customer
CK-12325,121,4,1496.468,2,1,2,212,At Risk
CK-12595,44,11,2372.75,4,5,3,453,Loyal Customer
CK-12760,83,9,1582.109,3,5,3,353,At Risk
CL-11890,107,4,1262.0140000000001,3,1,2,312,At Risk
CL-12565,285,11,9769.128,1,5,5,155,Lost Customers
CL-12700,261,4,2335.586,1,1,3,113,Lost Customers
CM-11815,132,6,1673.888,2,3,3,233,At Risk
CM-11935,709,2,565.392,1,1,1,111,Lost Customers
CM-12115,9,4,1661.6100000000001,5,1,3,513,Potential Loyalists
CM-12160,27,6,2533.314,5,3,4,534,Potential Loyalists
CM-12190,9,6,1475.144,5,3,2,532,Potential Loyalists
CM-12235,386,4,2278.772,1,1,3,113,Lost Customers
CM-12385,38,3,6922.628,4,1,5,415,Potential Loyalists
CM-12445,437,3,287.99,1,1,1,111,Lost Customers
CM-12655,28,5,5890.508,5,2,5,525,Potential Loyalists
CM-12715,1036,3,2840.6304,1,1,4,114,Lost Customers
CP-12085,83,7,5169.63,3,4,5,345,At Risk
CP-12340,161,7,5817.187,2,4,5,245,At Risk
CR-12580,58,4,2148.852,3,1,3,313,At Risk
CR-12625,471,3,475.9,1,1,1,111,Lost Customers
CR-12730,79,4,1600.55,3,1,3,313,At Risk
CR-12820,86,3,1397.8724,3,1,2,312,At Risk
CS-11845,92,4,1269.69,3,1,2,312,At Risk
CS-11860,163,6,537.632,2,3,1,231,At Risk
CS-11950,26,7,1866.895,5,4,3,543,Loyal Customer
CS-12130,490,4,884.64,1,1,2,112,Lost Customers
CS-12175,233,5,844.4580000000001,2,2,1,221,At Risk
CS-12250,27,11,2735.256,5,5,4,554,Loyal Customer
CS-12355,7,11,3202.1620000000003,5,5,4,554,Loyal Customer
CS-12400,3,9,3651.8585000000003,5,5,4,554,Loyal Customer
CS-12460,28,2,550.644,5,1,1,511,Potential Loyalists
CS-12490,425,2,673.9645,1,1,1,111,Lost Customers
CS-12505,59,5,5671.304999999999,3,2,5,325,At Risk
CT-11995,97,8,3241.898,3,4,4,344,At Risk
CV-12295,255,5,2830.6279999999997,1,2,4,124,Lost Customers
CV-12805,6,9,2370.3136,5,5,3,553,Loyal Customer
CW-11905,23,6,1136.592,5,3,2,532,Potential Loyalists
CY-12745,61,6,1986.182,3,3,3,333,At Risk
Co-12640,550,5,1300.076,1,2,2,122,Lost Customers
DA-13450,353,3,104.00800000000001,1,1,1,111,Lost Customers
DB-12910,22,8,2171.599,5,4,3,543,Loyal Customer
DB-12970,242,4,2469.6672,2,1,3,213,At Risk
DB-13060,17,6,4151.51,5,3,5,535,Potential Loyalists
DB-13120,49,7,2973.094,4,4,4,444,Loyal Customer
DB-13210,10,10,2332.577,5,5,3,553,Loyal Customer
DB-13270,54,6,4154.212,4,3,5,435,Potential Loyalists
DB-13360,265,4,1030.282,1,1,2,112,Lost Customers
DB-13405,188,4,1711.692,2,1,3,213,At Risk
DB-13555,108,7,3908.8028,3,4,4,344,At Risk
DB-13615,34,7,1989.05,4,4,3,443,Loyal Customer
DB-13660,13,5,258.766,5,2,1,521,Potential Loyalists
DC-12850,38,9,3336.168,4,5,4,454,Loyal Customer
DC-13285,24,5,1174.618,5,2,2,522,Potential Loyalists
DD-13570,42,6,269.542,4,3,1,431,Potential Loyalists
DE-13255,720,5,2550.874,1,2,4,124,Lost Customers
DF-13135,701,3,2390.534,1,1,3,113,Lost Customers
DG-13300,33,4,2613.4820000000004,4,1,4,414,Potential Loyalists
DH-13075,278,5,3487.1980000000003,1,2,4,124,Lost Customers
DH-13675,777,4,1043.096,1,1,2,112,Lost Customers
DJ-13420,638,3,1893.2,1,1,3,113,Lost Customers
DJ-13510,49,8,2501.6879999999996,4,4,4,444,Loyal Customer
DJ-13630,13,3,3356.398,5,1,4,514,Potential Loyalists
DK-12835,22,11,3176.52,5,5,4,554,Loyal Customer
DK-12895,46,5,4282.176,4,2,5,425,Potential Loyalists
DK-12985,8,5,1687.04,5,2,3,523,Potential Loyalists
DK-13090,43,6,2602.653,4,3,4,434,Potential Loyalists
DK-13150,11,2,797.832,5,1,1,511,Potential Loyalists
DK-13225,11,9,4802.394,5,5,5,555,Champion
DK-13375,20,7,3097.462,5,4,4,544,Loyal Customer
DL-12865,101,7,444.024,3,4,1,341,At Risk
DL-12925,58,6,3272.2,3,3,4,334,At Risk
DL-13315,23,7,1404.05,5,4,2,542,Loyal Customer
DL-13330,58,4,585.02,3,1,1,311,At Risk
DL-13495,77,8,3539.322,3,4,4,344,At Risk
DM-12955,115,7,1322.034,2,4,2,242,At Risk
DM-13015,58,7,6345.103,3,4,5,345,At Risk
DM-13345,23,7,3697.6059999999998,5,4,4,544,Loyal Customer
DM-13525,482,3,1376.792,1,1,2,112,Lost Customers
DN-13690,553,5,777.81,1,2,1,121,Lost Customers
DO-13435,134,9,1300.0315,2,5,2,252,At Risk
DO-13645,27,6,1054.406,5,3,2,532,Potential Loyalists
DP-13000,127,7,859.894,2,4,2,242,At Risk
DP-13105,7,5,1976.554,5,2,3,523,Potential Loyalists
DP-13165,813,2,1058.616,1,1,2,112,Lost Customers
DP-13390,359,9,5480.723999999999,1,5,5,155,Lost Customers
DR-12880,4,9,6528.034000000001,5,5,5,555,Champion
DR-12940,51,8,8350.868,4,4,5,445,Loyal Customer
DS-13030,94,3,1590.116,3,1,3,313,At Risk
DS-13180,24,9,2881.8128,5,5,4,554,Loyal Customer
DV-13045,20,5,1119.483,5,2,2,522,Potential Loyalists
DV-13465,30,5,3254.487,4,2,4,424,Potential Loyalists
DW-13195,70,6,1080.751,3,3,2,332,At Risk
DW-13480,218,5,5271.628,2,2,5,225,At Risk
DW-13540,99,4,275.664,3,1,1,311,At Risk
DW-13585,243,7,1204.854,2,4,2,242,At Risk
Dl-13600,120,5,755.602,2,2,1,221,At Risk
Dp-13240,85,11,7198.7609999999995,3,5,5,355,At Risk
EA-14035,153,12,2752.441,2,5,4,254,At Risk
EB-13705,49,8,3603.5060000000003,4,4,4,444,Loyal Customer
EB-13750,36,10,3236.314,4,5,4,454,Loyal Customer
EB-13840,91,4,964.448,3,1,2,312,At Risk
EB-13870,101,10,2767.219,3,5,4,354,At Risk
EB-13930,162,5,944.6000000000001,2,2,2,222,At Risk
EB-13975,1,4,1643.255,5,1,3,513,Potential Loyalists
EB-14110,114,4,2981.438,2,1,4,214,At Risk
EB-14170,83,4,363.216,3,1,1,311,At Risk
EC-14050,153,4,423.75399999999996,2,1,1,211,At Risk
ED-13885,136,8,3484.92,2,4,4,244,At Risk
EG-13900,23,4,1634.3,5,1,3,513,Potential Loyalists
EH-13765,136,9,9796.678,2,5,5,255,At Risk
EH-13945,218,8,684.1709999999999,2,4,1,241,At Risk
EH-13990,406,6,825.9499999999999,1,3,1,131,Lost Customers
EH-14005,3,7,1219.53,5,4,2,542,Loyal Customer
EH-14125,153,9,2761.1009999999997,2,5,4,254,At Risk
EH-14185,106,5,851.66,3,2,1,321,At Risk
EJ-13720,303,4,2162.174,1,1,3,113,Lost Customers
EJ-14155,58,5,2656.691,3,2,4,324,At Risk
EK-13795,45,4,1303.478,4,1,2,412,Potential Loyalists
EL-13735,78,2,124.28,3,1,1,311,At Risk
EM-13810,133,4,2407.0299999999997,2,1,3,213,At Risk
EM-13825,56,7,1994.338,4,4,3,443,Loyal Customer
EM-13960,152,4,360.904,2,1,1,211,At Risk
EM-14065,48,4,228.99,4,1,1,411,Potential Loyalists
EM-14095,114,4,1041.0420000000001,2,1,2,212,At Risk
EM-14140,49,6,4588.436000000001,4,3,5,435,Potential Loyalists
EM-14200,159,3,366.822,2,1,1,211,At Risk
EN-13780,288,4,2199.366,1,1,3,113,Lost Customers
EP-13915,13,13,5109.2668,5,5,5,555,Champion
ER-13855,422,3,1245.788,1,1,2,112,Lost Customers
ES-14020,41,5,3510.4579999999996,4,2,4,424,Potential Loyalists
ES-14080,29,7,3760.784,4,4,4,444,Loyal Customer
FA-14230,98,7,2984.054,3,4,4,344,At Risk
FC-14245,71,6,3357.902,3,3,4,334,At Risk
FC-14335,185,6,3633.516,2,3,4,234,At Risk
FG-14260,35,6,1348.704,4,3,2,432,Potential Loyalists
FH-14275,38,9,4248.28,4,5,5,455,Loyal Customer
FH-14350,213,4,2271.284,2,1,3,213,At Risk
FH-14365,6,7,6964.156,5,4,5,545,Loyal Customer
FM-14215,8,9,2332.718,5,5,3,553,Loyal Customer
FM-14290,37,7,2162.42,4,4,3,443,Loyal Customer
FM-14380,146,8,1863.386,2,4,3,243,At Risk
FO-14305,39,9,2481.138,4,5,3,453,Loyal Customer
FP-14320,24,8,4046.746,5,4,5,545,Loyal Customer
FW-14395,482,2,63.16,1,1,1,111,Lost Customers
GA-14515,150,5,3797.2320000000004,2,2,4,224,At Risk
GA-14725,6,10,863.112,5,5,2,552,Loyal Customer
GB-14530,63,11,1568.44,3,5,3,353,At Risk
GB-14575,14,5,4716.288,5,2,5,525,Potential Loyalists
GD-14590,6,4,1888.07,5,1,3,513,Potential Loyalists
GG-14650,44,9,2224.0,4,5,3,453,Loyal Customer
GH-14410,76,9,2819.4669999999996,3,5,4,354,At Risk
GH-14425,51,4,4172.8460000000005,4,1,5,415,Potential Loyalists
GH-14485,388,2,1361.2440000000001,1,1,2,112,Lost Customers
GH-14665,3,2,146.94080000000002,5,1,1,511,Potential Loyalists
GK-14620,113,8,6432.59,2,4,5,245,At Risk
GM-14440,84,7,3582.8199999999997,3,4,4,344,At Risk
GM-14455,17,6,3078.624,5,3,4,534,Potential Loyalists
GM-14500,107,8,1207.01,3,4,2,342,At Risk
GM-14680,456,4,1108.268,1,1,2,112,Lost Customers
GM-14695,118,3,6049.966,2,1,5,215,At Risk
GP-14740,766,2,236.53,1,1,1,111,Lost Customers
GR-14560,1136,2,1284.38,1,1,2,112,Lost Customers
GT-14635,57,3,9351.212,3,1,5,315,At Risk
GT-14710,37,11,11820.119999999999,4,5,5,455,Loyal Customer
GT-14755,35,4,226.436,4,1,1,411,Potential Loyalists
GW-14605,29,7,2189.019,4,4,3,443,Loyal Customer
GZ-14470,8,9,4355.150000000001,5,5,5,555,Champion
GZ-14545,158,3,2073.262,2,1,3,213,At Risk
HA-14905,70,7,2163.3,3,4,3,343,At Risk
HA-14920,21,8,2584.158,5,4,4,544,Loyal Customer
HD-14785,770,2,129.308,1,1,1,111,Lost Customers
HE-14800,13,3,755.462,5,1,1,511,Potential Loyalists
HF-14995,22,7,2533.1639999999998,5,4,4,544,Loyal Customer
HG-14845,83,4,767.4680000000001,3,1,1,311,At Risk
HG-14965,24,11,2982.57,5,5,4,554,Loyal Customer
HG-15025,7,7,3690.284,5,4,4,544,Loyal Customer
HH-15010,73,2,218.668,3,1,1,311,At Risk
HJ-14875,401,3,140.5,1,1,1,111,Lost Customers
HK-14890,152,7,4386.234,2,4,5,245,At Risk
HL-15040,44,6,12873.297999999999,4,3,5,435,Potential Loyalists
HM-14860,3,9,7594.7848,5,5,5,555,Champion
HM-14980,248,4,736.276,2,1,1,211,At Risk
HP-14815,31,5,1704.732,4,2,3,423,Potential Loyalists
HR-14770,14,3,705.148,5,1,1,511,Potential Loyalists
HR-14830,160,7,5248.787,2,4,5,245,At Risk
HW-14935,118,7,4827.934,2,4,5,245,At Risk
HZ-14950,36,4,866.4,4,1,2,412,Potential Loyalists
IG-15085,72,4,744.574,3,1,1,311,At Risk
IL-15100,143,7,5040.736,2,4,5,245,At Risk
IM-15055,410,2,48.4,1,1,1,111,Lost Customers
IM-15070,391,7,4930.474,1,4,5,145,Lost Customers
JA-15970,93,8,6491.026,3,4,5,345,At Risk
JB-15400,8,9,1698.585,5,5,3,553,Loyal Customer
JB-15925,738,3,900.552,1,1,2,112,Lost Customers
JB-16000,44,7,644.1188,4,4,1,441,Loyal Customer
JB-16045,8,5,2518.115,5,2,4,524,Potential Loyalists
JC-15340,115,4,71.263,2,1,1,211,At Risk
JC-15385,176,1,1058.108,2,1,2,212,At Risk
JC-15775,159,7,2477.141,2,4,3,243,At Risk
JC-16105,58,5,858.576,3,2,1,321,At Risk
JD-15790,118,5,2152.352,2,2,3,223,At Risk
JD-15895,395,10,6779.362,1,5,5,155,Lost Customers
JD-16015,113,6,385.43,2,3,1,231,At Risk
JD-16060,301,3,695.442,1,1,1,111,Lost Customers
JD-16150,42,8,8828.0305,4,4,5,445,Loyal Customer
JE-15475,194,6,1388.682,2,3,2,232,At Risk
JE-15610,49,7,7754.976,4,4,5,445,Loyal Customer
JE-15715,128,9,8663.603,2,5,5,255,At Risk
JE-15745,52,13,6760.8150000000005,4,5,5,455,Loyal Customer
JE-16165,21,3,2697.248,5,1,4,514,Potential Loyalists
JF-15190,66,6,2239.606,3,3,3,333,At Risk
JF-15295,226,5,955.124,2,2,2,222,At Risk
JF-15355,106,6,1911.844,3,3,3,333,At Risk
JF-15415,3,4,2297.872,5,1,3,513,Potential Loyalists
JF-15490,122,10,890.95,2,5,2,252,At Risk
JF-15565,55,7,3781.716,4,4,4,444,Loyal Customer
JG-15115,759,3,2358.676,1,1,3,113,Lost Customers
JG-15160,2,11,6366.392,5,5,5,555,Champion
JG-15310,3,5,2226.8179999999998,5,2,3,523,Potential Loyalists
JG-15805,224,6,1507.018,2,3,2,232,At Risk
JH-15430,6,4,309.281,5,1,1,511,Potential Loyalists
JH-15820,175,5,510.73400000000004,2,2,1,221,At Risk
JH-15910,42,7,959.477,4,4,2,442,Loyal Customer
JH-15985,30,5,3657.3540000000003,4,2,4,424,Potential Loyalists
JH-16180,405,3,1368.4279999999999,1,1,2,112,Lost Customers
JJ-15445,484,4,699.7280000000001,1,1,1,111,Lost Customers
JJ-15760,754,2,195.0,1,1,1,111,Lost Customers
JK-15205,62,4,4262.2919999999995,3,1,5,315,At Risk
JK-15325,288,3,383.812,1,1,1,111,Lost Customers
JK-15370,45,7,2136.458,4,4,3,443,Loyal Customer
JK-15625,62,7,3760.028,3,4,4,344,At Risk
JK-15640,181,9,4760.434,2,5,5,255,At Risk
JK-15730,85,9,4769.9,3,5,5,355,At Risk
JK-16090,29,3,3747.668,4,1,4,414,Potential Loyalists
JK-16120,118,10,2932.484,2,5,4,254,At Risk
JL-15130,9,6,1214.956,5,3,2,532,Potential Loyalists
JL-15175,7,4,1480.048,5,1,2,512,Potential Loyalists
JL-15235,120,5,2203.7,2,2,3,223,At Risk
JL-15505,220,4,585.0600000000001,2,1,1,211,At Risk
JL-15835,22,10,9576.343,5,5,5,555,Champion
JL-15850,615,5,2698.624,1,2,4,124,Lost Customers
JM-15250,38,6,3159.1220000000003,4,3,4,434,Potential Loyalists
JM-15265,38,3,1537.67,4,1,2,412,Potential Loyalists
JM-15535,103,7,1733.443,3,4,3,343,At Risk
JM-15580,1,5,303.948,5,2,1,521,Potential Loyalists
JM-15655,9,5,864.947,5,2,2,522,Potential Loyalists
JM-15865,110,7,7625.076000000001,3,4,5,345,At Risk
JM-16195,58,10,2833.9260000000004,3,5,4,354,At Risk
JO-15145,58,8,3055.049,3,4,4,344,At Risk
JO-15280,93,6,1934.272,3,3,3,333,At Risk
JO-15550,216,5,1090.838,2,2,2,222,At Risk
JP-15460,38,7,1669.135,4,4,3,443,Loyal Customer
JP-15520,9,6,3396.094,5,3,4,534,Potential Loyalists
JP-16135,103,9,1707.71,3,5,3,353,At Risk
JR-15670,594,2,1156.658,1,1,2,112,Lost Customers
JR-15700,69,1,863.88,3,1,2,312,At Risk
JR-16210,34,5,2201.686,4,2,3,423,Potential Loyalists
JS-15595,120,4,1417.654,2,1,2,212,At Risk
JS-15685,43,3,990.1959999999999,4,1,2,412,Potential Loyalists
JS-15880,535,5,3868.02,1,2,4,124,Lost Customers
JS-15940,464,5,469.169,1,2,1,121,Lost Customers
JS-16030,29,4,2457.4139999999998,4,1,3,413,Potential Loyalists
JW-15220,43,6,7721.714,4,3,5,435,Potential Loyalists
JW-15955,6,5,703.0799999999999,5,2,1,521,Potential Loyalists
JW-16075,462,4,1428.731,1,1,2,112,Lost Customers
KA-16525,37,6,1484.406,4,3,2,432,Potential Loyalists
KB-16240,5,7,3152.6150000000002,5,4,4,544,Loyal Customer
KB-16315,297,8,1557.074,1,4,3,143,Lost Customers
KB-16405,118,3,908.821,2,1,2,212,At Risk
KB-16585,231,12,2744.742,2,5,4,254,At Risk
KB-16600,2,6,922.542,5,3,2,532,Potential Loyalists
KC-16255,408,6,2120.954,1,3,3,133,Lost Customers
KC-16540,98,4,3908.262,3,1,4,314,At Risk
KC-16675,58,4,1146.05,3,1,2,312,At Risk
KD-16270,485,5,8282.358,1,2,5,125,Lost Customers
KD-16345,42,6,1888.964,4,3,3,433,Potential Loyalists
KD-16495,113,11,7768.26,2,5,5,255,At Risk
KD-16615,610,1,111.888,1,1,1,111,Lost Customers
KE-16420,27,7,1453.2812000000001,5,4,2,542,Loyal Customer
KF-16285,98,7,10604.266,3,4,5,345,At Risk
KH-16330,41,8,3312.864,4,4,4,444,Loyal Customer
KH-16360,2,5,2913.704,5,2,4,524,Potential Loyalists
KH-16510,23,6,5229.695000000001,5,3,5,535,Potential Loyalists
KH-16630,59,9,3918.9660000000003,3,5,4,354,At Risk
KH-16690,3,6,5977.839,5,3,5,535,Potential Loyalists
KL-16555,17,8,5016.488,5,4,5,545,Loyal Customer
KL-16645,222,11,14153.229000000001,2,5,5,255,At Risk
KM-16225,15,6,2260.958,5,3,3,533,Potential Loyalists
KM-16375,314,6,5386.966,1,3,5,135,Lost Customers
KM-16660,517,4,179.612,1,1,1,111,Lost Customers
KM-16720,621,7,3638.302,1,4,4,144,Lost Customers
KN-16390,20,7,1951.116,5,4,3,543,Loyal Customer
KN-16450,53,5,2171.962,4,2,3,423,Potential Loyalists
KN-16705,99,7,2003.01,3,4,3,343,At Risk
KS-16300,296,3,88.472,1,1,1,111,Lost Customers
KT-16465,392,7,3057.1,1,4,4,144,Lost Customers
KT-16480,101,9,4437.4220000000005,3,5,5,355,At Risk
KW-16435,97,5,4416.5199999999995,3,2,5,325,At Risk
KW-16570,877,3,417.056,1,1,1,111,Lost Customers
LA-16780,155,11,8673.222,2,5,5,255,At Risk
LB-16735,49,3,50.188,4,1,1,411,Potential Loyalists
LB-16795,236,6,2897.456,2,3,4,234,At Risk
LC-16870,28,7,1705.904,5,4,3,543,Loyal Customer
LC-16885,17,11,7530.766,5,5,5,555,Champion
LC-16930,42,8,4492.946,4,4,5,445,Loyal Customer
LC-16960,437,4,3246.626,1,1,4,114,Lost Customers
LC-17050,55,5,2095.064,4,2,3,423,Potential Loyalists
LC-17140,14,8,1550.512,5,4,2,542,Loyal Customer
LD-16855,553,1,5.304,1,1,1,111,Lost Customers
LD-17005,415,3,1904.35,1,1,3,113,Lost Customers
LE-16810,22,6,1469.45,5,3,2,532,Potential Loyalists
LF-17185,23,6,1273.793,5,3,2,532,Potential Loyalists
LH-16750,152,3,287.426,2,1,1,211,At Risk
LH-16900,22,9,2295.332,5,5,3,553,Loyal Customer
LH-17020,240,4,318.239,2,1,1,211,At Risk
LH-17155,386,9,1739.689,1,5,3,153,Lost Customers
LL-16840,250,5,2454.554,2,2,3,223,At Risk
LM-17065,392,4,1308.434,1,1,2,112,Lost Customers
LO-17170,3,5,644.35,5,2,1,521,Potential Loyalists
LP-17080,41,3,752.334,4,1,1,411,Potential Loyalists
LP-17095,10,6,3104.439,5,3,4,534,Potential Loyalists
LR-16915,27,5,3338.6440000000002,5,2,4,524,Potential Loyalists
LR-17035,133,5,1879.306,2,2,3,223,At Risk
LS-16945,179,6,2845.27,2,3,4,234,At Risk
LS-16975,21,9,2988.674,5,5,4,554,Loyal Customer
LS-17200,97,6,1010.2560000000001,3,3,2,332,At Risk
LS-17230,778,3,368.88000000000005,1,1,1,111,Lost Customers
LS-17245,35,6,1008.1360000000001,4,3,2,432,Potential Loyalists
LT-16765,27,3,329.876,5,1,1,511,Potential Loyalists
LT-17110,35,8,2936.252,4,4,4,444,Loyal Customer
LW-16825,89,5,2238.061,3,2,3,323,At Risk
LW-16990,34,6,3230.308,4,3,4,434,Potential Loyalists
LW-17125,206,3,1259.04,2,1,2,212,At Risk
LW-17215,264,4,1568.626,1,1,3,113,Lost Customers
MA-17560,65,10,4257.541,3,5,5,355,At Risk
MA-17995,187,6,2453.284,2,3,3,233,At Risk
MB-17305,49,9,1451.018,4,5,2,452,Loyal Customer
MB-18085,45,7,1428.231,4,4,2,442,Loyal Customer
MC-17275,77,8,2725.982,3,4,4,344,At Risk
MC-17425,400,5,4432.138,1,2,5,125,Lost Customers
MC-17575,28,8,1303.893,5,4,2,542,Loyal Customer
MC-17590,52,6,2426.067,4,3,3,433,Potential Loyalists
MC-17605,113,8,2258.192,2,4,3,243,At Risk
MC-17635,190,3,731.134,2,1,1,211,At Risk
MC-17845,2,7,3805.714,5,4,4,544,Loyal Customer
MC-18100,42,9,2079.18,4,5,3,453,Loyal Customer
MC-18130,370,5,1581.9979999999998,1,2,3,123,Lost Customers
MD-17350,118,5,1239.578,2,2,2,222,At Risk
MD-17860,37,5,1204.91,4,2,2,422,Potential Loyalists
ME-17320,43,9,7135.240000000001,4,5,5,455,Loyal Customer
ME-17725,29,6,1120.9379999999999,4,3,2,432,Potential Loyalists
ME-18010,93,4,1256.944,3,1,2,312,At Risk
MF-17665,422,4,739.989,1,1,1,111,Lost Customers
MF-18250,8,5,1758.3,5,2,3,523,Potential Loyalists
MG-17650,30,7,3785.276,4,4,4,444,Loyal Customer
MG-17680,93,4,2350.188,3,1,3,313,At Risk
MG-17695,556,2,1196.778,1,1,2,112,Lost Customers
MG-17875,117,5,1242.8329999999999,2,2,2,222,At Risk
MG-17890,100,9,776.384,3,5,1,351,At Risk
MG-18145,85,4,3061.543,3,1,4,314,At Risk
MG-18205,265,1,16.739,1,1,1,111,Lost Customers
MH-17290,295,4,1683.105,1,1,3,113,Lost Customers
MH-17440,377,4,400.016,1,1,1,111,Lost Customers
MH-17455,171,6,2056.054,2,3,3,233,At Risk
MH-17620,156,3,1245.984,2,1,2,212,At Risk
MH-17785,742,4,1222.094,1,1,2,112,Lost Customers
MH-18025,50,4,1443.4379999999999,4,1,2,412,Potential Loyalists
MH-18115,6,9,5503.093,5,5,5,555,Champion
MJ-17740,23,6,1497.656,5,3,2,532,Potential Loyalists
MK-17905,29,7,1909.4279999999999,4,4,3,443,Loyal Customer
MK-18160,241,4,1031.602,2,1,2,212,At Risk
ML-17395,70,8,2162.293,3,4,3,343,At Risk
ML-17410,55,5,2885.26,4,2,4,424,Potential Loyalists
ML-17755,30,7,2071.9139999999998,4,4,3,443,Loyal Customer
ML-18040,80,3,742.082,3,1,1,311,At Risk
ML-18265,101,2,162.232,3,1,1,311,At Risk
MM-17260,169,3,1166.455,2,1,2,212,At Risk
MM-17920,8,8,3564.4000000000005,5,4,4,544,Loyal Customer
MM-18055,62,7,2668.801,3,4,4,344,At Risk
MM-18280,86,9,775.414,3,5,1,351,At Risk
MN-17935,35,6,2477.946,4,3,3,433,Potential Loyalists
MO-17500,73,4,922.487,3,1,2,312,At Risk
MO-17800,105,7,1550.7669999999998,3,4,2,342,At Risk
MO-17950,181,2,154.288,2,1,1,211,At Risk
MP-17470,720,6,2945.822,1,3,4,134,Lost Customers
MP-17965,73,8,3439.232,3,4,4,344,At Risk
MP-18175,17,8,4757.332,5,4,5,545,Loyal Customer
MR-17545,126,3,586.418,2,1,1,211,At Risk
MS-17365,274,9,3339.516,1,5,4,154,Lost Customers
MS-17530,435,4,475.65599999999995,1,1,1,111,Lost Customers
MS-17710,414,5,1144.004,1,2,2,122,Lost Customers
MS-17770,416,8,2950.728,1,4,4,144,Lost Customers
MS-17830,453,4,370.348,1,1,1,111,Lost Customers
MS-17980,27,6,855.116,5,3,1,531,Potential Loyalists
MT-17815,50,6,2890.139,4,3,4,434,Potential Loyalists
MT-18070,204,4,1319.4498,2,1,2,212,At Risk
MV-17485,28,9,1560.05,5,5,3,553,Loyal Customer
MV-18190,20,7,1734.574,5,4,3,543,Loyal Customer
MW-18220,18,5,1319.4,5,2,2,522,Potential Loyalists
MW-18235,45,2,5253.876,4,1,5,415,Potential Loyalists
MY-17380,30,6,2177.764,4,3,3,433,Potential Loyalists
MY-18295,72,9,2789.2,3,5,4,354,At Risk
MZ-17335,31,4,593.606,4,1,1,411,Potential Loyalists
MZ-17515,283,5,406.212,1,2,1,121,Lost Customers
NB-18580,1166,2,273.87199999999996,1,1,1,111,Lost Customers
NB-18655,43,7,1897.0919999999999,4,4,3,443,Loyal Customer
NC-18340,225,5,2461.404,2,2,3,223,At Risk
NC-18415,42,6,2218.9900000000002,4,3,3,433,Potential Loyalists
NC-18535,7,5,5831.561000000001,5,2,5,525,Potential Loyalists
NC-18625,205,4,1743.882,2,1,3,213,At Risk
ND-18370,28,9,4326.139,5,5,5,555,Champion
ND-18460,184,6,2893.455,2,3,4,234,At Risk
NF-18385,132,5,7407.13,2,2,5,225,At Risk
NF-18475,526,2,16.126,1,1,1,111,Lost Customers
NF-18595,115,6,2017.624,2,3,3,233,At Risk
NG-18355,49,5,1869.58,4,2,3,423,Potential Loyalists
NG-18430,49,5,1395.9379999999999,4,2,2,422,Potential Loyalists
NH-18610,190,6,2518.6659999999997,2,3,4,234,At Risk
NK-18490,71,6,533.668,3,3,1,331,At Risk
NL-18310,59,4,1418.0900000000001,3,1,2,312,At Risk
NM-18445,161,5,6395.874,2,2,5,225,At Risk
NM-18520,245,9,1975.127,2,5,3,253,At Risk
NP-18325,26,6,5529.62,5,3,5,535,Potential Loyalists
NP-18670,59,5,3908.402,3,2,4,324,At Risk
NP-18685,407,5,1164.73,1,2,2,122,Lost Customers
NP-18700,139,6,6103.0145,2,3,5,235,At Risk
NR-18550,211,4,1930.317,2,1,3,213,At Risk
NS-18505,7,4,2575.863,5,1,4,514,Potential Loyalists
NS-18640,175,12,2857.753,2,5,4,254,At Risk
NW-18400,173,7,7234.014,2,4,5,245,At Risk
NZ-18565,86,8,2485.814,3,4,3,343,At Risk
ON-18715,411,9,1567.52,1,5,3,153,Lost Customers
OT-18730,66,5,3818.624,3,2,4,324,At Risk
PA-19060,104,6,729.408,3,3,1,331,At Risk
PB-18805,442,2,243.31199999999998,1,1,1,111,Lost Customers
PB-19105,58,4,688.324,3,1,1,311,At Risk
PB-19150,98,7,1306.718,3,4,2,342,At Risk
PB-19210,689,2,132.738,1,1,1,111,Lost Customers
PC-18745,3,4,1832.064,5,1,3,513,Potential Loyalists
PC-19000,883,2,1061.488,1,1,2,112,Lost Customers
PF-19120,836,4,9062.864,1,1,5,115,Lost Customers
PF-19165,197,6,2770.0,2,3,4,234,At Risk
PF-19225,120,3,1507.5259999999998,2,1,2,212,At Risk
PG-18820,37,13,3086.907,4,5,4,454,Loyal Customer
PG-18895,58,8,1450.804,3,4,2,342,At Risk
PH-18790,71,1,729.648,3,1,1,311,At Risk
PJ-18835,40,8,1220.09,4,4,2,442,Loyal Customer
PJ-19015,135,6,1677.536,2,3,3,233,At Risk
PK-18910,484,2,1441.152,1,1,2,112,Lost Customers
PK-19075,10,11,4309.294,5,5,5,555,Champion
PL-18925,16,5,239.481,5,2,1,521,Potential Loyalists
PM-18940,387,3,1405.402,1,1,2,112,Lost Customers
PM-19135,52,4,4115.662,4,1,5,415,Potential Loyalists
PN-18775,31,8,1467.152,4,4,2,442,Loyal Customer
PO-18850,5,10,6859.829,5,5,5,555,Champion
PO-18865,1,6,2461.4139999999998,5,3,3,533,Potential Loyalists
PO-19180,161,9,4893.043,2,5,5,255,At Risk
PO-19195,87,5,1056.858,3,2,2,322,At Risk
PP-18955,98,9,7246.704,3,5,5,355,At Risk
PR-18880,37,5,1840.178,4,2,3,423,Potential Loyalists
PS-18760,108,5,1571.3229999999999,3,2,3,323,At Risk
PS-18970,70,6,661.615,3,3,1,331,At Risk
PS-19045,237,7,6843.634,2,4,5,245,At Risk
PT-19090,72,3,158.46,3,1,1,311,At Risk
PV-18985,90,5,2876.046,3,2,4,324,At Risk
PW-19030,47,7,2129.426,4,4,3,443,Loyal Customer
PW-19240,465,7,3922.4150000000004,1,4,5,145,Lost Customers
QJ-19255,26,8,1703.438,5,4,3,543,Loyal Customer
RA-19285,6,9,2617.906,5,5,4,554,Loyal Customer
RA-19885,56,6,3546.224,4,3,4,434,Potential Loyalists
RA-19915,13,9,4793.543,5,5,5,555,Champion
RA-19945,62,5,1686.9225,3,2,3,323,At Risk
RB-19330,69,2,1008.1959999999999,3,1,2,312,At Risk
RB-19360,97,6,15117.339,3,3,5,335,At Risk
RB-19435,42,7,1864.156,4,4,3,443,Loyal Customer
RB-19465,10,11,4132.108,5,5,5,555,Champion
RB-19570,26,5,528.546,5,2,1,521,Potential Loyalists
RB-19645,649,5,221.084,1,2,1,121,Lost Customers
RB-19705,55,3,297.26,4,1,1,411,Potential Loyalists
RB-19795,33,8,5633.316000000001,4,4,5,445,Loyal Customer
RC-19825,370,6,966.409,1,3,2,132,Lost Customers
RC-19960,111,4,652.644,3,1,1,311,At Risk
RD-19480,73,7,2527.57,3,4,4,344,At Risk
RD-19585,181,9,2832.904,2,5,4,254,At Risk
RD-19660,115,4,2745.892,2,1,4,214,At Risk
RD-19720,22,10,1419.737,5,5,2,552,Loyal Customer
RD-19810,15,7,1115.296,5,4,2,542,Loyal Customer
RD-19900,115,8,2363.314,2,4,3,243,At Risk
RD-19930,43,4,970.9420000000001,4,1,2,412,Potential Loyalists
RE-19450,303,4,666.52,1,1,1,111,Lost Customers
RF-19345,391,8,3309.15,1,4,4,144,Lost Customers
RF-19735,90,7,2341.2960000000003,3,4,3,343,At Risk
RF-19840,7,7,938.862,5,4,2,542,Loyal Customer
RH-19495,33,5,3621.3759999999997,4,2,4,424,Potential Loyalists
RH-19510,468,6,6979.18,1,3,5,135,Lost Customers
RH-19555,520,2,740.382,1,1,1,111,Lost Customers
RH-19600,535,3,2085.7400000000002,1,1,3,113,Lost Customers
RK-19300,120,3,1460.192,2,1,2,212,At Risk
RL-19615,122,8,6234.91,2,4,5,245,At Risk
RM-19375,542,5,816.294,1,2,1,121,Lost Customers
RM-19675,7,5,5979.0960000000005,5,2,5,525,Potential Loyalists
RM-19750,300,1,98.35,1,1,1,111,Lost Customers
RO-19780,36,6,3283.59,4,3,4,434,Potential Loyalists
RP-19270,497,2,180.88,1,1,1,111,Lost Customers
RP-19390,34,11,4206.32,4,5,5,455,Loyal Customer
RP-19855,29,6,1703.44,4,3,3,433,Potential Loyalists
RR-19315,20,2,615.932,5,1,1,511,Potential Loyalists
RR-19525,171,6,3302.2619999999997,2,3,4,234,At Risk
RS-19420,77,5,3221.29,3,2,4,324,At Risk
RS-19765,37,7,4159.214,4,4,5,445,Loyal Customer
RW-19540,121,7,7397.401,2,4,5,245,At Risk
RW-19630,90,9,3279.746,3,5,4,354,At Risk
RW-19690,80,5,3495.646,3,2,4,324,At Risk
SA-20830,64,10,4767.3415,3,5,5,355,At Risk
SB-20170,202,3,1348.02,2,1,2,212,At Risk
SB-20185,828,4,5918.796,1,1,5,115,Lost Customers
SB-20290,48,7,8057.891,4,4,5,445,Loyal Customer
SC-20020,1147,4,2785.3795999999998,1,1,4,114,Lost Customers
SC-20050,41,7,4220.094,4,4,5,445,Loyal Customer
SC-20095,350,8,13831.774,1,4,5,145,Lost Customers
SC-20230,497,3,4355.898,1,1,5,115,Lost Customers
SC-20260,188,8,3729.7929999999997,2,4,4,244,At Risk
SC-20305,125,4,423.644,2,1,1,211,At Risk
SC-20380,31,8,5902.566,4,4,5,445,Loyal Customer
SC-20440,37,7,1874.998,4,4,3,443,Loyal Customer
SC-20575,93,4,799.798,3,1,1,311,At Risk
SC-20680,127,6,1254.64,2,3,2,232,At Risk
SC-20695,143,8,2465.6639999999998,2,4,3,243,At Risk
SC-20725,188,10,4896.77,2,5,5,255,At Risk
SC-20770,42,6,4027.583,4,3,5,435,Potential Loyalists
SC-20800,31,4,279.25600000000003,4,1,1,411,Potential Loyalists
SD-20485,201,9,6121.114,2,5,5,255,At Risk
SE-20110,10,11,12209.438000000002,5,5,5,555,Champion
SF-20065,60,6,731.986,3,3,1,331,At Risk
SF-20200,60,8,3302.2099999999996,3,4,4,344,At Risk
SF-20965,49,8,1932.615,4,4,3,443,Loyal Customer
SG-20080,9,3,3406.5809999999997,5,1,4,514,Potential Loyalists
SG-20470,184,8,1884.798,2,4,3,243,At Risk
SG-20605,109,4,2746.772,3,1,4,314,At Risk
SG-20890,227,3,47.946,2,1,1,211,At Risk
SH-19975,30,11,2461.8615,4,5,3,453,Loyal Customer
SH-20395,24,10,2180.718,5,5,3,553,Loyal Customer
SH-20635,766,2,2096.392,1,1,3,113,Lost Customers
SJ-20125,96,10,3558.2960000000003,3,5,4,354,At Risk
SJ-20215,30,6,1341.036,4,3,2,432,Potential Loyalists
SJ-20500,254,4,1158.184,2,1,2,212,At Risk
SK-19990,9,3,883.409,5,1,2,512,Potential Loyalists
SL-20155,71,6,3046.532,3,3,4,334,At Risk
SM-20005,556,3,167.006,1,1,1,111,Lost Customers
SM-20320,80,4,24205.606,3,1,5,315,At Risk
SM-20950,26,9,3926.07,5,5,5,555,Champion
SN-20560,112,6,1860.418,3,3,3,333,At Risk
SN-20710,80,7,3127.9592,3,4,4,344,At Risk
SO-20335,30,6,2602.5755,4,3,4,434,Potential Loyalists
SP-20545,328,6,1306.086,1,3,2,132,Lost Customers
SP-20620,48,9,5440.319,4,5,5,455,Loyal Customer
SP-20650,387,9,1872.4360000000001,1,5,3,153,Lost Customers
SP-20860,80,10,4282.94,3,5,5,355,At Risk
SP-20920,71,5,3987.069,3,2,5,325,At Risk
SR-20425,9,5,3233.481,5,2,4,524,Potential Loyalists
SR-20740,197,8,4345.8859999999995,2,4,5,245,At Risk
SS-20140,16,8,1324.028,5,4,2,542,Loyal Customer
SS-20410,112,4,2524.949,3,1,4,314,At Risk
SS-20515,492,3,613.4,1,1,1,111,Lost Customers
SS-20590,433,6,418.49,1,3,1,131,Lost Customers
SS-20875,121,5,964.636,2,2,2,222,At Risk
ST-20530,126,7,433.34000000000003,2,4,1,241,At Risk
SU-20665,21,6,2379.388,5,3,3,533,Potential Loyalists
SV-20365,102,10,11470.949999999999,3,5,5,355,At Risk
SV-20785,321,9,4105.305,1,5,5,155,Lost Customers
SV-20815,77,3,1240.082,3,1,2,312,At Risk
SV-20935,3,8,1903.491,5,4,3,543,Loyal Customer
SW-20245,82,7,1085.078,3,4,2,342,At Risk
SW-20275,31,5,1081.08,4,2,2,422,Potential Loyalists
SW-20350,163,3,1019.044,2,1,2,212,At Risk
SW-20455,163,6,2835.564,2,3,4,234,At Risk
SW-20755,535,2,758.6959999999999,1,1,1,111,Lost Customers
SZ-20035,36,11,3625.329,4,5,4,454,Loyal Customer
TA-21385,70,3,14588.58,3,1,5,315,At Risk
TB-21055,120,4,1451.361,2,1,2,212,At Risk
TB-21175,59,4,3589.296,3,1,4,314,At Risk
TB-21190,50,4,816.1740000000001,4,1,1,411,Potential Loyalists
TB-21250,350,6,1590.152,1,3,3,133,Lost Customers
TB-21280,584,6,2198.45,1,3,3,133,Lost Customers
TB-21355,147,5,834.328,2,2,1,221,At Risk
TB-21400,203,6,9108.742,2,3,5,235,At Risk
TB-21520,108,8,4663.974,3,4,5,345,At Risk
TB-21595,286,4,1240.871,1,1,2,112,Lost Customers
TB-21625,220,7,1674.552,2,4,3,243,At Risk
TC-20980,400,5,19052.218,1,2,5,125,Lost Customers
TC-21145,107,1,1038.26,3,1,2,312,At Risk
TC-21295,28,7,2381.542,5,4,3,543,Loyal Customer
TC-21475,154,9,1244.976,2,5,2,252,At Risk
TC-21535,5,5,685.798,5,2,1,521,Potential Loyalists
TD-20995,38,8,1400.3480000000002,4,4,2,442,Loyal Customer
TG-21310,338,5,3058.372,1,2,4,124,Lost Customers
TG-21640,115,3,932.4960000000001,2,1,2,212,At Risk
TH-21100,345,5,2422.824,1,2,3,123,Lost Customers
TH-21115,59,4,2942.772,3,1,4,314,At Risk
TH-21235,118,7,989.801,2,4,2,242,At Risk
TH-21550,73,7,4234.0960000000005,3,4,5,345,At Risk
TM-21010,104,7,2819.026,3,4,4,344,At Risk
TM-21490,131,3,1094.6779999999999,2,1,2,212,At Risk
TN-21040,91,7,3130.221,3,4,4,344,At Risk
TP-21130,9,8,4418.848,5,4,5,545,Loyal Customer
TP-21415,105,5,5329.0048,3,2,5,325,At Risk
TP-21565,351,3,1840.8,1,1,3,113,Lost Customers
TR-21325,194,5,675.9419999999999,2,2,1,221,At Risk
TS-21085,358,2,4.833,1,1,1,111,Lost Customers
TS-21160,505,6,2163.6240000000003,1,3,3,133,Lost Customers
TS-21205,199,7,5371.09,2,4,5,245,At Risk
TS-21340,227,4,966.174,2,1,2,212,At Risk
TS-21370,37,6,11891.751,4,3,5,435,Potential Loyalists
TS-21430,173,5,2054.14,2,2,3,223,At Risk
TS-21505,12,6,2243.274,5,3,3,533,Potential Loyalists
TS-21610,56,6,2811.568,4,3,4,434,Potential Loyalists
TS-21655,239,5,3368.094,2,2,4,224,At Risk
TT-21070,32,7,4915.602,4,4,5,445,Loyal Customer
TT-21220,184,7,1382.704,2,4,2,242,At Risk
TT-21265,407,3,439.5,1,1,1,111,Lost Customers
TT-21460,13,7,5364.808,5,4,5,545,Loyal Customer
TW-21025,65,6,4982.1140000000005,3,3,5,335,At Risk
TZ-21580,36,4,1707.286,4,1,3,413,Potential Loyalists
VB-21745,55,6,2005.596,4,3,3,433,Potential Loyalists
VD-21670,582,6,6442.254,1,3,5,135,Lost Customers
VF-21715,14,4,835.324,5,1,1,511,Potential Loyalists
VG-21790,155,6,846.01,2,3,1,231,At Risk
VG-21805,492,4,418.432,1,1,1,111,Lost Customers
VM-21685,55,7,2454.866,4,4,3,443,Loyal Customer
VM-21835,118,4,252.01999999999998,2,1,1,211,At Risk
VP-21730,31,3,993.9019999999999,4,1,2,412,Potential Loyalists
VP-21760,76,6,2993.86,3,3,4,334,At Risk
VS-21820,222,4,1055.981,2,1,2,212,At Risk
VT-21700,1001,2,1736.596,1,1,3,113,Lost Customers
VW-21775,29,9,4921.078,4,5,5,455,Loyal Customer
WB-21850,50,9,6038.517,4,5,5,455,Loyal Customer
XP-21865,44,11,2374.658,4,5,3,453,Loyal Customer
YC-21895,5,5,5454.35,5,2,5,525,Potential Loyalists
YS-21880,10,8,6720.4439999999995,5,4,5,545,Loyal Customer
ZC-21910,55,13,8025.707,4,5,5,455,Loyal Customer
ZD-21925,203,5,1493.944,2,2,2,222,At Risk
